{
  "gemma": {
    "arch": "gemma",
    "T": 150,
    "N": 588,
    "Q": 3.92,
    "k_signal": 14,
    "mp_lambda_max": 8.879797974644667,
    "shrinkage": 0.10545654600409261,
    "auroc_rmt": {
      "mean": 0.9824074074074074,
      "std": 0.021596118129056655,
      "per_fold": [
        1.0,
        1.0,
        1.0,
        0.9583333333333334,
        0.9537037037037037
      ]
    },
    "auroc_raw": {
      "mean": 0.9879629629629629,
      "std": 0.017954369842282693,
      "per_fold": [
        1.0,
        1.0,
        1.0,
        0.9861111111111112,
        0.9537037037037037
      ]
    },
    "ci_rmt": {
      "lower": 0.9815178336536383,
      "upper": 1.0,
      "point": 0.9896245991322393,
      "half_width": 0.009241083173180842
    },
    "ci_raw": {
      "lower": 0.9999999999999999,
      "upper": 1.0,
      "point": 1.0,
      "half_width": 5.551115123125783e-17
    },
    "n_bootstrap": 1000,
    "n_folds": 5,
    "seed": 42
  },
  "qwen": {
    "arch": "qwen",
    "T": 150,
    "N": 448,
    "Q": 2.986666666666667,
    "k_signal": 12,
    "mp_lambda_max": 7.443061705817526,
    "shrinkage": 0.07147096603776268,
    "auroc_rmt": {
      "mean": 0.9016714766714766,
      "std": 0.028066378066378045,
      "per_fold": [
        0.9090909090909091,
        0.9431818181818181,
        0.8677248677248677,
        0.9153439153439152,
        0.873015873015873
      ]
    },
    "auroc_raw": {
      "mean": 0.9947089947089947,
      "std": 0.01058201058201056,
      "per_fold": [
        1.0,
        1.0,
        0.9735449735449736,
        1.0,
        1.0
      ]
    },
    "ci_rmt": {
      "lower": 0.898407527703377,
      "upper": 0.981482443982444,
      "point": 0.9258856770267333,
      "half_width": 0.04153745813953352
    },
    "ci_raw": {
      "lower": 0.9999999999999999,
      "upper": 1.0,
      "point": 1.0,
      "half_width": 5.551115123125783e-17
    },
    "n_bootstrap": 1000,
    "n_folds": 5,
    "seed": 42
  }
}