{
  "T21_ksweep": {
    "gemma": {
      "arch": "gemma",
      "n_folds": 5,
      "k_values": [
        3,
        5,
        8,
        10,
        12,
        14,
        20,
        30,
        50,
        100
      ],
      "auroc": {
        "3": {
          "mean": 0.6065346446925395,
          "std": 0.04942504608951221,
          "per_fold": [
            0.5215311004784688,
            0.5933014354066986,
            0.6076555023923444,
            0.662037037037037,
            0.6481481481481481
          ]
        },
        "5": {
          "mean": 0.9325890483785221,
          "std": 0.05126808254113117,
          "per_fold": [
            1.0,
            0.9904306220095693,
            0.894736842105263,
            0.888888888888889,
            0.888888888888889
          ]
        },
        "8": {
          "mean": 0.9437621832358675,
          "std": 0.03424089132589751,
          "per_fold": [
            0.9904306220095694,
            0.9760765550239234,
            0.9282296650717703,
            0.9259259259259259,
            0.8981481481481481
          ]
        },
        "10": {
          "mean": 0.9418483076377813,
          "std": 0.03859152770739296,
          "per_fold": [
            1.0,
            0.9760765550239234,
            0.9090909090909091,
            0.9166666666666666,
            0.9074074074074073
          ]
        },
        "12": {
          "mean": 0.9833333333333332,
          "std": 0.020621349491963026,
          "per_fold": [
            1.0,
            1.0,
            1.0,
            0.962962962962963,
            0.9537037037037037
          ]
        },
        "14": {
          "mean": 0.9824074074074074,
          "std": 0.021596118129056655,
          "per_fold": [
            1.0,
            1.0,
            1.0,
            0.9583333333333334,
            0.9537037037037037
          ]
        },
        "20": {
          "mean": 0.9614478114478114,
          "std": 0.022322753383554453,
          "per_fold": [
            1.0,
            0.937799043062201,
            0.9712918660287082,
            0.9444444444444445,
            0.9537037037037037
          ]
        },
        "30": {
          "mean": 0.9787037037037039,
          "std": 0.02644973492052905,
          "per_fold": [
            1.0,
            1.0,
            1.0,
            0.9398148148148149,
            0.9537037037037037
          ]
        },
        "50": {
          "mean": 0.9841972355130248,
          "std": 0.017447750464818182,
          "per_fold": [
            1.0,
            1.0,
            0.9904306220095693,
            0.9768518518518519,
            0.9537037037037037
          ]
        },
        "100": {
          "mean": 0.9879629629629629,
          "std": 0.017954369842282693,
          "per_fold": [
            1.0,
            1.0,
            1.0,
            0.9861111111111112,
            0.9537037037037037
          ]
        }
      }
    },
    "qwen": {
      "arch": "qwen",
      "n_folds": 5,
      "k_values": [
        3,
        5,
        8,
        10,
        12,
        14,
        20,
        30,
        50,
        100
      ],
      "auroc": {
        "3": {
          "mean": 0.8385762385762385,
          "std": 0.04390869211795723,
          "per_fold": [
            0.8863636363636365,
            0.8409090909090908,
            0.7566137566137566,
            0.8624338624338623,
            0.8465608465608465
          ]
        },
        "5": {
          "mean": 0.8765512265512264,
          "std": 0.02262100695267895,
          "per_fold": [
            0.8977272727272727,
            0.8977272727272727,
            0.8518518518518519,
            0.8888888888888888,
            0.8465608465608465
          ]
        },
        "8": {
          "mean": 0.8932058682058683,
          "std": 0.03805775061645463,
          "per_fold": [
            0.9034090909090909,
            0.9488636363636364,
            0.8306878306878307,
            0.8994708994708995,
            0.8835978835978836
          ]
        },
        "10": {
          "mean": 0.89767316017316,
          "std": 0.04038515027733391,
          "per_fold": [
            0.9204545454545454,
            0.9488636363636364,
            0.8306878306878307,
            0.91005291005291,
            0.8783068783068784
          ]
        },
        "12": {
          "mean": 0.9016714766714766,
          "std": 0.028066378066378045,
          "per_fold": [
            0.9090909090909091,
            0.9431818181818181,
            0.8677248677248677,
            0.9153439153439152,
            0.873015873015873
          ]
        },
        "14": {
          "mean": 0.9631613756613756,
          "std": 0.020211659385258086,
          "per_fold": [
            0.9715909090909092,
            0.9659090909090909,
            0.9470899470899471,
            0.9947089947089947,
            0.9365079365079365
          ]
        },
        "20": {
          "mean": 0.963474025974026,
          "std": 0.039691885295941705,
          "per_fold": [
            0.9659090909090909,
            0.9943181818181819,
            0.8888888888888888,
            1.0,
            0.9682539682539683
          ]
        },
        "30": {
          "mean": 0.9851851851851852,
          "std": 0.029629629629629586,
          "per_fold": [
            1.0,
            1.0,
            0.925925925925926,
            1.0,
            1.0
          ]
        },
        "50": {
          "mean": 0.9936507936507937,
          "std": 0.012698412698412698,
          "per_fold": [
            1.0,
            1.0,
            0.9682539682539683,
            1.0,
            1.0
          ]
        },
        "100": {
          "mean": 0.9947089947089947,
          "std": 0.01058201058201056,
          "per_fold": [
            1.0,
            1.0,
            0.9735449735449736,
            1.0,
            1.0
          ]
        }
      }
    }
  },
  "T22_variance": {
    "gemma": {
      "arch": "gemma",
      "k": 14,
      "n_folds": 10,
      "auroc": {
        "mean": 0.9796296296296296,
        "std": 0.04095063775462218,
        "per_fold": [
          1.0,
          1.0,
          1.0,
          1.0,
          1.0,
          1.0,
          0.888888888888889,
          1.0,
          1.0,
          0.9074074074074073
        ]
      }
    },
    "qwen": {
      "arch": "qwen",
      "k": 12,
      "n_folds": 10,
      "auroc": {
        "mean": 0.9051818181818181,
        "std": 0.06774167022075497,
        "per_fold": [
          0.9318181818181819,
          0.9318181818181819,
          0.9545454545454546,
          1.0,
          0.9545454545454546,
          0.75,
          0.9090909090909091,
          0.8400000000000001,
          0.92,
          0.8600000000000001
        ]
      }
    }
  },
  "T23_pca": {
    "gemma": {
      "arch": "gemma",
      "n_folds": 5,
      "k_values": [
        3,
        5,
        8,
        10,
        12,
        14,
        20,
        30,
        50,
        100
      ],
      "auroc": {
        "3": {
          "mean": 0.6065346446925395,
          "std": 0.04942504608951221,
          "per_fold": [
            0.5215311004784688,
            0.5933014354066986,
            0.6076555023923444,
            0.662037037037037,
            0.6481481481481481
          ]
        },
        "5": {
          "mean": 0.9325890483785221,
          "std": 0.05126808254113117,
          "per_fold": [
            1.0,
            0.9904306220095693,
            0.894736842105263,
            0.888888888888889,
            0.888888888888889
          ]
        },
        "8": {
          "mean": 0.9437621832358675,
          "std": 0.034240891325897506,
          "per_fold": [
            0.9904306220095694,
            0.9760765550239234,
            0.9282296650717704,
            0.9259259259259259,
            0.8981481481481481
          ]
        },