{
  "gemma": {
    "T": 150,
    "N": 588,
    "Q": 3.92,
    "mp_lambda_max": 8.879797974644667,
    "n_signal_sample": 16,
    "n_signal_clean": 14,
    "shrinkage": 0.10545654600409261,
    "top_eigs_clean": [
      110.57446842376103,
      46.76138527514361,
      34.95384440076349,
      28.414366017984634,
      20.932490590143225,
      18.312998388620706,
      17.576068587409843,
      15.46056115934937,
      14.705374479546123,
      13.167851352375031,
      11.981203772531618,
      10.853194352634572,
      10.04106726127668,
      9.60124265934082,
      8.596850054806593,
      8.120294089506945,
      7.851517886822011,
      7.300946396263631,
      6.985762368132637,
      6.8305474354734645,
      6.115140491253642,
      5.679110417602021,
      5.6001760895728045,
      5.428050805643459,
      5.041615199180815,
      4.692831357106961,
      4.588438147040575,
      4.420004632222364,
      4.2523774905272145,
      4.130131079416475
    ]
  },
  "qwen": {
    "T": 150,
    "N": 448,
    "Q": 2.986666666666667,
    "mp_lambda_max": 7.443061705817526,
    "n_signal_sample": 14,
    "n_signal_clean": 12,
    "shrinkage": 0.07147096603776268,
    "top_eigs_clean": [
      112.64492023975137,
      37.85813445052894,
      28.892049985303082,
      20.26513019008403,
      14.993564420969046,
      13.515458592862442,
      12.533342995161929,
      10.889963094761203,
      10.43364652419946,
      9.981214427350906,
      9.269906128585037,
      8.7350692749678,
      7.376621926826076,
      7.0284356046727865,
      6.705919867476974,
      5.866241647283211,
      5.4932545130659225,
      5.14895240049706,
      4.89605887799249,
      4.521075216554443,
      4.436495297185821,
      4.116619280787235,
      3.982636539320457,
      3.7905608164759,
      3.768205854774085,
      3.6626041752296232,
      3.4521475812949385,
      3.1569632146306104,
      3.0975515459587877,
      2.9245568926768515
    ]
  }
}